{
  "ItemType": 6,
  "Id": 16081,
  "ShipCategory": 3,
  "Name": "Bonedust Leviathan",
  "Faction": 8,
  "SizeClass": 4,
  "IconImage": "8negviathan.png",
  "IconScale": 1.3,
  "ModelImage": "8negviathan.png",
  "ModelScale": 8.0,
  "EnginePosition": {
    "x": -0.98
  },
  "EngineColor": "#3DE5E5B2",
  "EngineSize": 0.5,
  "Engines": [
    {
      "Position": {
        "x": -0.95,
        "y": 0.15
      },
      "Size": 0.3
    },
    {
      "Position": {
        "x": -0.95,
        "y": -0.15
      },
      "Size": 0.3
    }
  ],
  "BuiltinDevices": [],
  "Layout": "4000000000000000000000000000000000000000000000000000000000000000000000000000111000000000000000000000000000033300000000000000000000000000013331000000000000000000000000002222200000000000000000000000000222220000000000000000000000000122222100000000000000000000044022222220440000000000000010004402222222044000100000000011100440222222204400111000000001110044022222220440011100000001111111112222222111111111000000111111111222222211111111100000011111111122222221111111110000001111111112222222111111111000000111111111222222211111111100000011111111122222221111111110000001111111112222222111111111000000111111111222222211111111100000001111111122222221111111100000000111111112222222111111110000000001111111222222211111110000000000111111122222221111111000000000001111112222222111111000000000000011111555255511111000000000000000011155555551110000000000000000000005555555000000000000000000000000555555500000000000000000000000005555500000000000000000000000000055500000000000000",
  "Barrels": [
    {
      "Position": {
        "x": 0.7
      },
      "WeaponClass": "Z"
    },
    {
      "Position": {
        "x": 0.4398827,
        "y": 0.378299117
      },
      "WeaponClass": "C"
    },
    {
      "Position": {
        "x": 0.4398827,
        "y": -0.363636374
      },
      "WeaponClass": "C"
    }
  ]
}