{
  "ItemType": 6,
  "Id": 49,
  "Name": "Zombie MK2",
  "Faction": 6,
  "SizeClass": 3,
  "IconImage": "6zombiemk2.png",
  "IconScale": 1.2,
  "ModelImage": "6zombiemk2.png",
  "ModelScale": 3.5,
  "EnginePosition": {
    "x": -0.8
  },
  "EngineColor": "#3C83BF3F",
  "EngineSize": 0.5,
  "Engines": [
    {
      "Position": {
        "x": -0.7,
        "y": 0.6
      },
      "Size": 0.3
    },
    {
      "Position": {
        "x": -0.7,
        "y": -0.6
      },
      "Size": 0.3
    }
  ],
  "Regeneration": true,
  "BuiltinDevices": [],
  "Layout": "400000000010000000000000000000111000000000000000001222100000000000000001222100000000000000001222100000000000000001323100000000000000001131100000000000000000131000000000000000000131000000000000000000131000000000000000001131100000000000000011222110000000000044111222111440000014444111222111444410014444333222333444410011113222222222311110011113222222222311110000553222555222355000000550222555222055000000550000555000055000000000000000000000000",
  "Barrels": [
    {
      "Position": {
        "x": -0.4
      },
      "WeaponClass": "Z"
    },
    {
      "Position": {
        "x": -0.416422278,
        "y": 0.624633431
      },
      "PlatformType": 3,
      "WeaponClass": "SM"
    },
    {
      "Position": {
        "x": -0.410557181,
        "y": -0.624633431
      },
      "PlatformType": 3,
      "WeaponClass": "SM"
    }
  ]
}