{
  "ItemType": 6,
  "Id": 73,
  "ShipCategory": 1,
  "Name": "Viper MK2",
  "SizeClass": 2,
  "IconImage": "0vipermk2.png",
  "IconScale": 0.9,
  "ModelImage": "0vipermk2.png",
  "ModelScale": 3.6,
  "EnginePosition": {
    "x": -0.8,
    "y": -0.15
  },
  "EngineColor": "#3F00DEFF",
  "EngineSize": 0.5,
  "Engines": [
    {
      "Position": {
        "x": -0.6,
        "y": -0.3
      },
      "Size": 0.2
    }
  ],
  "BaseWeightModifier": -0.125,
  "Layout": "4000000000000000000000000000044000000000000000004400000000000000000440000000000000000044000000000000000004400000000000000011220000000000000001122000000000000000112200000000000001122221100000000001112222110000000001133222212210000001113322555221000000111332255522100000011111225551000000001000022550000000000100001155000000000000000110000000000000000011000000000",
  "Barrels": [
    {
      "Position": {
        "x": 0.888563037,
        "y": -0.149560124
      },
      "WeaponClass": "Z"
    },
    {
      "Position": {
        "x": 0.8914956,
        "y": -0.149560124
      },
      "WeaponClass": "CT"
    }
  ]
}