{
  "ItemType": 6,
  "Id": 1031,
  "Name": "Coaster",
  "SizeClass": 1,
  "IconImage": "14coaster.png",
  "IconScale": 0.9,
  "ModelImage": "14coaster.png",
  "ModelScale": 2.4,
  "EnginePosition": {
    "x": -0.6
  },
  "EngineColor": "#35FEFF51",
  "EngineSize": 0.5,
  "Engines": [
    {
      "Position": {
        "x": -0.9,
        "y": 0.2
      },
      "Size": 0.1
    },
    {
      "Position": {
        "x": -0.9,
        "y": -0.2
      },
      "Size": 0.1
    }
  ],
  "BaseWeightModifier": 0.1,
  "Layout": "4000000004000000000000000004440000000000000000444000000000000001114111000000000000111411100000000000011141110000000000000222220000000000000022222000000000000012222210000000000001222221000000000000132223100000000000011222110000000000011122211100000000001115551110000000001115555511100000000000550550000000000000050005000000000000005000500000000000000500050000000",
  "Barrels": [
    {
      "WeaponClass": "Z"
    },
    {
      "Position": {
        "x": 0.9292365,
        "y": 0.00186219742
      },
      "WeaponClass": "CMLT"
    }
  ]
}