{
  "ItemType": 6,
  "Id": 67,
  "ShipCategory": 5,
  "Name": "Tainted Leviathan",
  "Faction": 9,
  "SizeClass": 4,
  "IconImage": "9tartviathan.png",
  "IconScale": 1.3,
  "ModelImage": "9tartviathan.png",
  "ModelScale": 10.0,
  "EnginePosition": {
    "x": -0.9
  },
  "EngineColor": "#3FFF0300",
  "EngineSize": 0.4,
  "Engines": [
    {
      "Position": {
        "x": -0.85,
        "y": 0.1
      },
      "Size": 0.3
    },
    {
      "Position": {
        "x": -0.85,
        "y": -0.1
      },
      "Size": 0.3
    }
  ],
  "Layout": "4000000000000000000000000000000000000000000000000000000000000000000000000000000000000000000000000000000000000000000000000000000000000000000000000000000000000100000000000000000000000000000000011100000000000000000000000000000000333000000000000000000000000000000003230000000000000000000000000000000122210000000000000000000000000000003222300000000000000000000000000000032223000000000000000000000000004400222220044000000000000000000110044002222200440011000000000000011110440022222004401111000000000000111114401222221044111110000000000011111111132222231111111110000000000111111111322222311111111100000000001111111113222223111111111000000000011111111132222231111111110000000000111111111322222311111111100000000001111111113222223111111111000000000001111111132222231111111100000000000011111111322222311111111000000000000111111113222223111111110000000000000111111132222231111111000000000000001111111322222311111110000000000000001111113222223111111000000000000000001111155525551111100000000000000000001111555555511110000000000000000000000115555555110000000000000000000000000055555550000000000000000000000000000055555000000000000000000000000000000555550000000000000000000000000000000000000000000000000000000000000000000000000000000000000",
  "Barrels": [
    {
      "Position": {
        "x": 0.6
      },
      "WeaponClass": "Z"
    },
    {
      "Position": {
        "x": 0.375366569,
        "y": 0.3196481
      },
      "WeaponClass": "CT"
    },
    {
      "Position": {
        "x": 0.375366569,
        "y": -0.325513184
      },
      "WeaponClass": "CT"
    }
  ]
}